RegionID,RegionName,SizeRank,2014-01,2014-02,2014-03,2014-04,2014-05,2014-06,2014-07,2014-08,2014-09,2014-10,2014-11,2014-12,2015-01,2015-02,2015-03,2015-04,2015-05,2015-06,2015-07,2015-08,2015-09,2015-10,2015-11,2015-12,2016-01,2016-02,2016-03,2016-04,2016-05,2016-06,2016-07,2016-08,2016-09,2016-10,2016-11,2016-12,2017-01,2017-02,2017-03,2017-04,2017-05,2017-06,2017-07,2017-08,2017-09,2017-10,2017-11,2017-12,2018-01,2018-02,2018-03,2018-04,2018-05,2018-06,2018-07,2018-08,2018-09,2018-10,2018-11,2018-12,2019-01,2019-02,2019-03,2019-04,2019-05,2019-06,2019-07,2019-08,2019-09,2019-10,2019-11,2019-12,2020-01,2020-02,2020-03,2020-04,2020-05,2020-06,2020-07,2020-08,2020-09,2020-10
102001,United States,0,1383,1391,1394,1410,1423,1434,1444,1448,1449,1448,1447,1447,1453,1461,1471,1484,1495,1503,1509,1514,1515,1515,1516,1515,1521,1530,1539,1551,1560,1569,1570,1573,1573,1572,1571,1571,1575,1582,1590,1600,1610,1617,1623,1623,1615,1614,1617,1618,1623,1631,1641,1652,1662,1672,1678,1680,1679,1679,1681,1680,1684,1692,1703,1714,1725,1735,1740,1742,1739,1736,1735,1740,1750,1760,1768,1765,1763,1764,1764,1756,1753,1751
394913,"New York, NY",1,2370,2390,2395,2426,2456,2476,2489,2497,2498,2497,2499,2495,2504,2514,2535,2565,2578,2595,2605,2608,2615,2616,2608,2604,2608,2611,2620,2647,2661,2672,2655,2668,2670,2667,2665,2651,2657,2660,2667,2687,2703,2711,2719,2712,2728,2708,2692,2685,2677,2688,2701,2720,2735,2749,2758,2760,2760,2749,2741,2736,2743,2754,2770,2777,2804,2826,2834,2836,2826,2829,2808,2801,2809,2839,2857,2840,2823,2802,2766,2702,2647,2600
753899,"Los Angeles-Long Beach-Anaheim, CA",2,1884,1903,1909,1933,1956,1980,2003,2015,2021,2027,2033,2039,2052,2058,2074,2092,2106,2116,2135,2149,2164,2166,2179,2183,2195,2206,2221,2238,2259,2270,2275,2291,2299,2307,2306,2312,2318,2331,2342,2362,2377,2386,2399,2408,2411,2412,2412,2414,2425,2437,2443,2459,2468,2487,2494,2505,2512,2522,2528,2529,2529,2539,2546,2557,2563,2578,2588,2596,2599,2595,2596,2608,2624,2633,2635,2612,2594,2598,2599,2595,2592,2602
394463,"Chicago, IL",3,1458,1468,1472,1491,1507,1519,1528,1530,1527,1516,1514,1512,1517,1523,1513,1524,1545,1563,1572,1579,1575,1565,1559,1559,1566,1575,1586,1602,1615,1625,1629,1628,1619,1608,1600,1595,1594,1607,1621,1635,1648,1657,1661,1654,1647,1633,1623,1624,1628,1638,1650,1661,1675,1686,1690,1688,1678,1665,1659,1658,1665,1674,1689,1704,1718,1726,1732,1734,1724,1715,1707,1704,1715,1724,1735,1734,1732,1733,1730,1719,1700,1685
394514,"Dallas-Fort Worth, TX",4,1212,1215,1218,1231,1244,1256,1263,1268,1268,1266,1267,1273,1273,1280,1294,1306,1316,1325,1332,1336,1335,1333,1337,1331,1335,1346,1358,1370,1382,1395,1400,1403,1402,1404,1403,1404,1405,1410,1422,1428,1439,1449,1455,1455,1454,1453,1452,1452,1456,1462,1468,1476,1482,1494,1499,1497,1495,1497,1506,1501,1504,1511,1518,1529,1539,1549,1554,1554,1549,1552,1549,1550,1557,1566,1571,1564,1558,1563,1570,1569,1570,1578
394974,"Philadelphia, PA",5,1380,1368,1379,1388,1396,1403,1412,1413,1412,1406,1399,1385,1401,1401,1413,1424,1435,1441,1448,1445,1443,1443,1441,1442,1437,1447,1458,1471,1479,1484,1490,1484,1484,1483,1487,1489,1485,1489,1499,1507,1511,1515,1515,1515,1513,1509,1506,1505,1504,1518,1527,1539,1552,1552,1557,1558,1558,1559,1562,1560,1565,1573,1585,1593,1598,1605,1612,1609,1609,1608,1613,1614,1618,1627,1639,1634,1630,1631,1635,1632,1639,1635
394692,"Houston, TX",6,1264,1264,1280,1320,1345,1363,1379,1383,1381,1384,1377,1379,1382,1388,1397,1409,1419,1426,1429,1431,1429,1418,1419,1417,1417,1422,1424,1429,1434,1440,1440,1435,1431,1425,1419,1415,1413,1415,1419,1422,1427,1430,1428,1426,1432,1443,1449,1454,1457,1463,1468,1474,1480,1484,1489,1488,1483,1475,1479,1472,1469,1473,1482,1490,1500,1505,1511,1510,1504,1495,1494,1501,1506,1511,1516,1512,1503,1504,1502,1503,1506,1505
395209,"Washington, DC",7,1876,1880,1881,1895,1908,1920,1933,1938,1938,1928,1921,1907,1916,1915,1927,1939,1947,1955,1960,1958,1959,1959,1958,1953,1956,1967,1975,1983,1991,2003,1982,1993,1993,1988,1982,1979,1987,1989,2000,2017,2032,2035,2040,2035,2025,2018,2005,2003,2002,2009,2017,2034,2054,2068,2076,2077,2070,2063,2058,2055,2058,2073,2083,2096,2112,2123,2128,2131,2125,2116,2105,2107,2121,2128,2141,2132,2124,2120,2116,2103,2086,2068
394856,"Miami-Fort Lauderdale, FL",8,1572,1567,1570,1580,1588,1595,1609,1619,1630,1637,1644,1650,1654,1666,1667,1671,1686,1691,1698,1711,1722,1729,1735,1739,1747,1760,1763,1762,1767,1767,1768,1774,1778,1781,1786,1786,1787,1787,1792,1792,1791,1792,1799,1803,1807,1813,1814,1818,1822,1829,1828,1832,1833,1842,1847,1854,1862,1866,1874,1874,1873,1879,1877,1880,1885,1885,1890,1896,1897,1905,1914,1922,1929,1937,1939,1929,1917,1916,1920,1922,1919,1938
394347,"Atlanta, GA",9,1129,1136,1137,1147,1157,1168,1173,1175,1175,1175,1179,1180,1182,1188,1197,1207,1218,1229,1239,1241,1239,1237,1238,1240,1246,1255,1268,1282,1293,1304,1312,1316,1317,1319,1318,1317,1322,1329,1338,1349,1359,1370,1379,1384,1388,1383,1383,1384,1390,1398,1412,1420,1435,1444,1452,1459,1465,1467,1473,1475,1483,1492,1499,1510,1516,1524,1534,1538,1541,1539,1532,1535,1543,1556,1566,1559,1559,1565,1576,1589,1602,1617
394404,"Boston, MA",10,1997,2028,2020,2041,2056,2074,2091,2102,2090,2082,2052,2046,2057,2082,2105,2124,2142,2157,2162,2161,2156,2145,2134,2131,2157,2186,2202,2218,2237,2252,2250,2255,2244,2230,2210,2223,2250,2270,2280,2299,2311,2323,2331,2321,2300,2284,2280,2282,2312,2326,2342,2357,2376,2388,2395,2387,2368,2364,2357,2358,2377,2393,2410,2436,2456,2468,2469,2466,2448,2434,2428,2438,2462,2481,2498,2498,2478,2470,2453,2395,2342,2313
395057,"San Francisco, CA",11,2203,2286,2283,2298,2371,2437,2478,2523,2571,2597,2591,2620,2646,2685,2713,2743,2769,2815,2851,2872,2895,2897,2899,2899,2917,2931,2942,2968,2998,3022,2991,3011,3005,2990,2987,2969,2976,2984,2999,3026,3037,3073,3094,3103,3100,3076,3067,3059,3070,3079,3097,3117,3130,3160,3184,3196,3199,3183,3175,3184,3178,3199,3216,3229,3243,3269,3296,3292,3282,3263,3249,3255,3277,3292,3291,3288,3268,3252,3209,3154,3078,3039
394532,"Detroit, MI",12,1041,1042,1043,1052,1057,1065,1071,1073,1074,1072,1072,1067,1065,1070,1080,1086,1091,1096,1101,1106,1109,1096,1099,1097,1103,1108,1112,1117,1126,1134,1141,1147,1142,1141,1137,1132,1137,1141,1145,1157,1166,1177,1181,1182,1181,1178,1177,1174,1177,1186,1194,1200,1209,1218,1221,1225,1223,1224,1226,1217,1221,1223,1233,1241,1251,1260,1263,1266,1262,1263,1259,1256,1256,1254,1263,1271,1278,1284,1291,1301,1310,1320
395025,"Riverside, CA",13,1517,1519,1529,1544,1550,1557,1564,1569,1575,1575,1582,1585,1591,1601,1607,1628,1629,1632,1641,1650,1654,1659,1666,1669,1676,1687,1693,1705,1709,1719,1725,1730,1739,1745,1752,1754,1762,1769,1784,1802,1807,1818,1827,1836,1837,1845,1854,1856,1860,1880,1889,1905,1916,1926,1935,1943,1952,1957,1953,1966,1972,1982,1988,1998,2007,2011,2025,2036,2045,2046,2052,2059,2073,2074,2082,2081,2083,2098,2116,2148,2184,2212
394976,"Phoenix, AZ",14,1009,1012,1020,1028,1038,1043,1044,1048,1050,1051,1054,1054,1058,1072,1084,1094,1101,1105,1108,1113,1117,1115,1118,1120,1126,1136,1146,1159,1167,1172,1177,1179,1182,1189,1198,1194,1194,1199,1208,1216,1223,1230,1236,1237,1237,1236,1239,1236,1244,1254,1270,1284,1296,1305,1316,1323,1327,1334,1341,1345,1345,1358,1371,1384,1397,1412,1419,1429,1429,1432,1444,1460,1472,1478,1483,1476,1478,1482,1495,1509,1526,1550
395078,"Seattle, WA",15,1360,1377,1381,1406,1431,1453,1464,1475,1478,1479,1474,1474,1486,1493,1510,1525,1541,1557,1571,1585,1595,1586,1585,1581,1593,1605,1628,1647,1680,1694,1690,1712,1717,1714,1706,1707,1716,1727,1748,1774,1798,1818,1831,1830,1820,1806,1793,1784,1791,1802,1817,1836,1857,1870,1880,1884,1873,1869,1862,1855,1859,1871,1891,1913,1934,1959,1966,1969,1959,1943,1935,1955,1977,1994,2010,2004,1996,1990,1989,1980,1950,1916
394865,"Minneapolis-St Paul, MN",16,1228,1220,1234,1248,1255,1266,1278,1277,1276,1272,1257,1250,1254,1266,1279,1291,1303,1309,1316,1317,1309,1306,1315,1311,1314,1324,1335,1348,1360,1362,1367,1371,1368,1368,1375,1368,1376,1393,1401,1409,1413,1422,1426,1429,1428,1423,1421,1429,1436,1443,1453,1462,1470,1478,1484,1484,1484,1482,1481,1486,1490,1494,1508,1524,1535,1546,1545,1535,1538,1532,1535,1541,1550,1563,1571,1572,1567,1570,1566,1560,1558,1557
395056,"San Diego, CA",17,1697,1706,1710,1729,1759,1766,1776,1784,1787,1791,1800,1801,1820,1847,1854,1859,1867,1880,1893,1899,1907,1909,1911,1906,1920,1934,1947,1967,1989,2000,2002,2012,2020,2015,2016,2024,2027,2035,2060,2069,2087,2103,2115,2122,2122,2121,2113,2114,2128,2138,2148,2158,2189,2203,2219,2230,2230,2224,2226,2218,2219,2224,2229,2242,2258,2271,2285,2292,2291,2291,2292,2296,2304,2309,2312,2297,2299,2316,2322,2334,2346,2369
395121,"St. Louis, MO",18,978,963,970,974,980,982,991,993,992,992,985,981,987,992,1002,1004,1010,1013,1009,1013,1015,1014,1014,1014,1014,1022,1027,1031,1038,1041,1043,1040,1042,1043,1040,1038,1039,1045,1051,1057,1058,1058,1060,1061,1058,1061,1058,1056,1060,1063,1068,1074,1084,1087,1089,1091,1089,1085,1081,1082,1084,1088,1098,1107,1110,1116,1123,1125,1124,1123,1121,1120,1127,1131,1137,1149,1145,1151,1156,1159,1167,1171
395148,"Tampa, FL",19,1147,1151,1156,1161,1171,1180,1183,1184,1187,1188,1189,1192,1201,1209,1213,1217,1224,1233,1239,1244,1245,1250,1256,1258,1262,1269,1278,1288,1294,1301,1304,1312,1315,1313,1320,1320,1321,1327,1336,1345,1350,1357,1364,1363,1365,1369,1374,1379,1383,1393,1403,1414,1423,1430,1434,1435,1435,1434,1443,1441,1445,1458,1466,1473,1482,1489,1495,1499,1500,1497,1501,1508,1521,1529,1537,1528,1531,1538,1546,1557,1567,1585
394358,"Baltimore, MD",20,1490,1501,1506,1529,1539,1545,1555,1560,1562,1561,1553,1549,1547,1547,1558,1566,1570,1579,1584,1583,1583,1581,1572,1574,1576,1579,1583,1587,1596,1602,1599,1595,1588,1585,1578,1572,1576,1579,1587,1589,1607,1610,1610,1607,1594,1596,1596,1587,1586,1589,1596,1610,1621,1625,1624,1620,1617,1616,1615,1617,1617,1627,1637,1645,1654,1662,1665,1657,1654,1643,1639,1647,1659,1662,1661,1653,1658,1661,1667,1666,1670,1678
394530,"Denver, CO",21,1219,1238,1245,1266,1288,1316,1341,1354,1370,1379,1386,1388,1397,1412,1428,1448,1465,1481,1489,1495,1496,1498,1498,1502,1510,1523,1526,1540,1558,1567,1573,1576,1571,1557,1551,1547,1550,1554,1573,1590,1607,1620,1626,1627,1619,1608,1602,1604,1610,1619,1629,1643,1661,1672,1683,1687,1683,1676,1679,1677,1679,1687,1698,1710,1726,1742,1746,1746,1738,1729,1723,1728,1739,1752,1762,1748,1745,1748,1749,1746,1743,1739
394982,"Pittsburgh, PA",22,,989,1070,1036,1040,1040,1063,1077,1056,1037,1056,1036,1032,1038,1046,1064,1058,1070,1075,1078,1061,1058,1063,1043,1056,1066,1076,1084,1088,1091,1091,1078,1068,1072,1060,1064,1072,1082,1092,1096,1101,1101,1103,1093,1087,1081,1080,1084,1093,1105,1110,1119,1126,1127,1134,1132,1128,1132,1133,1139,1137,1139,1148,1154,1160,1166,1161,1167,1170,1171,1174,1182,1188,1189,1188,1188,1193,1199,1201,1195,1194,1194
394998,"Portland, OR",23,1174,1179,1193,1200,1225,1254,1266,1280,1283,1286,1283,1291,1294,1302,1319,1335,1358,1377,1398,1418,1423,1424,1421,1419,1427,1436,1455,1473,1491,1506,1513,1512,1513,1505,1500,1498,1504,1507,1519,1528,1542,1552,1557,1559,1559,1546,1541,1531,1532,1540,1549,1560,1576,1588,1599,1604,1604,1596,1594,1588,1588,1594,1608,1619,1634,1642,1656,1661,1655,1645,1642,1647,1655,1664,1668,1659,1661,1670,1679,1683,1688,1681
394458,"Charlotte, NC",24,1121,1130,1132,1142,1153,1163,1168,1170,1167,1168,1163,1169,1170,1174,1180,1193,1205,1215,1222,1230,1231,1227,1230,1232,1239,1249,1257,1266,1276,1282,1291,1295,1298,1298,1297,1290,1301,1300,1307,1322,1332,1343,1349,1349,1351,1335,1341,1340,1346,1353,1360,1371,1383,1395,1403,1407,1407,1405,1414,1417,1417,1426,1433,1440,1456,1467,1473,1473,1475,1475,1475,1474,1488,1494,1506,1488,1479,1486,1499,1501,1512,1522
395045,"Sacramento, CA",25,1243,1244,1248,1261,1269,1276,1293,1295,1297,1296,1295,1303,1310,1308,1321,1335,1346,1358,1370,1380,1392,1393,1387,1402,1409,1416,1429,1454,1467,1480,1490,1502,1498,1502,1513,1518,1520,1532,1546,1569,1588,1609,1614,1627,1637,1637,1634,1636,1641,1649,1658,1658,1686,1703,1713,1721,1720,1718,1721,1732,1730,1746,1758,1770,1779,1790,1800,1807,1804,1807,1811,1815,1810,1822,1834,1832,1834,1857,1872,1886,1902,1921
395055,"San Antonio, TX",26,1089,1091,1106,1112,1124,1131,1131,1138,1140,1128,1132,1120,1131,1140,1149,1162,1174,1181,1181,1183,1177,1178,1186,1187,1184,1194,1201,1211,1213,1218,1222,1227,1226,1225,1228,1228,1227,1233,1238,1245,1250,1255,1256,1262,1257,1251,1252,1250,1252,1262,1270,1271,1278,1286,1293,1297,1296,1293,1295,1294,1297,1299,1306,1310,1321,1329,1341,1343,1342,1344,1338,1343,1344,1356,1352,1349,1345,1350,1360,1364,1368,1362
394943,"Orlando, FL",27,1205,1214,1213,1222,1229,1238,1264,1258,1252,1248,1249,1248,1252,1261,1268,1278,1290,1293,1304,1309,1314,1316,1317,1317,1323,1326,1334,1348,1360,1366,1376,1379,1379,1377,1377,1380,1389,1397,1395,1410,1424,1435,1444,1446,1447,1449,1452,1462,1469,1478,1494,1502,1515,1527,1534,1537,1537,1536,1539,1541,1545,1550,1557,1569,1581,1592,1598,1599,1597,1594,1587,1592,1602,1605,1611,1604,1607,1608,1616,1614,1616,1618
394466,"Cincinnati, OH",28,998,1009,1009,1008,1022,1028,1029,1029,1031,1025,1012,1021,1020,1020,1034,1040,1048,1057,1062,1069,1062,1064,1067,1071,1070,1066,1076,1083,1089,1090,1092,1098,1099,1095,1097,1107,1110,1115,1116,1125,1133,1138,1138,1134,1140,1138,1144,1147,1146,1148,1156,1161,1171,1175,1179,1181,1187,1197,1193,1196,1204,1205,1221,1233,1234,1242,1249,1257,1250,1246,1247,1252,1262,1277,1283,1282,1284,1295,1290,1300,1299,1306
394475,"Cleveland, OH",29,966,979,977,986,979,989,985,990,984,980,980,978,979,993,999,1014,1026,1038,1022,1025,1035,1023,1024,1018,1028,1038,1034,1048,1059,1064,1062,1056,1048,1034,1036,1030,1029,1037,1047,1048,1052,1057,1059,1054,1057,1055,1059,1052,1051,1054,1061,1073,1075,1080,1081,1087,1091,1092,1090,1088,1091,1094,1100,1105,1109,1118,1119,1116,1110,1102,1106,1109,1119,1126,1114,1127,1137,1142,1140,1151,1147,1143
394735,"Kansas City, MO",30,946,964,968,972,979,989,1012,1013,1002,992,983,983,986,993,999,1006,1011,1019,1024,1029,1023,1022,1025,1025,1028,1032,1040,1048,1052,1056,1060,1066,1064,1064,1065,1067,1066,1071,1076,1084,1090,1090,1097,1102,1097,1095,1097,1101,1098,1107,1108,1117,1125,1130,1131,1132,1133,1125,1131,1128,1126,1132,1140,1149,1155,1164,1166,1167,1167,1164,1161,1168,1173,1179,1187,1192,1201,1207,1215,1217,1227,1230
394775,"Las Vegas, NV",31,1049,1056,1057,1062,1071,1079,1080,1085,1085,1087,1082,1083,1081,1088,1093,1103,1110,1116,1123,1126,1129,1130,1132,1133,1135,1142,1148,1157,1168,1175,1177,1180,1183,1181,1183,1183,1187,1194,1204,1211,1223,1228,1235,1242,1246,1247,1247,1252,1255,1266,1277,1291,1304,1314,1321,1330,1336,1336,1342,1345,1347,1355,1369,1384,1394,1403,1411,1418,1418,1416,1414,1414,1424,1430,1435,1427,1421,1428,1444,1463,1478,1499
394492,"Columbus, OH",32,1042,1056,1058,1058,1071,1074,1078,1082,1079,1079,1094,1087,1082,1094,1102,1108,1120,1125,1129,1131,1124,1144,1144,1138,1135,1136,1152,1160,1162,1174,1172,1166,1165,1164,1166,1174,1167,1176,1185,1198,1207,1213,1212,1211,1216,1206,1213,1221,1220,1229,1241,1249,1262,1265,1268,1266,1272,1268,1267,1267,1273,1281,1292,1301,1312,1316,1311,1306,1318,1321,1314,1316,1324,1330,1334,1347,1354,1356,1365,1372,1377,1382
394705,"Indianapolis, IN",33,1021,1028,1030,1038,1051,1054,1055,1054,1053,1059,1055,1047,1045,1057,1066,1070,1069,1070,1076,1078,1085,1087,1091,1083,1087,1092,1091,1102,1110,1117,1126,1122,1116,1114,1109,1106,1109,1110,1120,1130,1135,1142,1144,1149,1152,1147,1146,1150,1151,1157,1164,1169,1176,1183,1189,1188,1191,1191,1189,1187,1183,1194,1208,1220,1226,1233,1237,1244,1241,1240,1238,1234,1240,1252,1258,1262,1273,1292,1296,1312,1311,1327
395059,"San Jose, CA",34,2086,2136,2150,2264,2351,2435,2480,2539,2579,2583,2556,2582,2607,2622,2653,2701,2741,2786,2846,2870,2867,2866,2867,2851,2873,2864,2865,2897,2902,2946,2953,2947,2925,2898,2877,2879,2887,2883,2898,2920,2942,2979,2981,2986,2991,2973,2970,2955,2979,2995,3012,3038,3072,3105,3109,3127,3119,3110,3094,3079,3085,3116,3139,3156,3172,3191,3203,3217,3197,3150,3145,3170,3195,3226,3228,3208,3182,3166,3135,3088,3053,3017
394355,"Austin, TX",35,1231,1249,1247,1266,1276,1284,1312,1311,1311,1304,1298,1300,1307,1319,1331,1341,1354,1359,1367,1373,1372,1371,1371,1372,1379,1387,1392,1403,1409,1419,1423,1416,1411,1409,1405,1401,1404,1413,1417,1426,1435,1444,1445,1435,1420,1413,1409,1409,1413,1422,1432,1442,1455,1470,1481,1486,1483,1480,1490,1482,1481,1493,1500,1514,1525,1537,1548,1551,1550,1540,1541,1547,1554,1562,1563,1550,1540,1542,1548,1543,1532,1529
395194,"Virginia Beach, VA",36,1208,1216,1216,1221,1228,1236,1237,1236,1234,1229,1226,1228,1227,1230,1237,1241,1243,1248,1250,1251,1247,1245,1244,1244,1247,1255,1259,1264,1267,1265,1266,1265,1260,1253,1254,1260,1264,1271,1275,1279,1281,1286,1287,1287,1287,1286,1284,1279,1279,1288,1296,1305,1305,1306,1311,1311,1312,1311,1312,1312,1318,1321,1329,1334,1343,1348,1352,1350,1349,1351,1352,1353,1357,1359,1360,1362,1368,1375,1386,1400,1406,1418
394902,"Nashville, TN",37,1175,1173,1182,1202,1224,1242,1253,1251,1261,1263,1258,1260,1264,1274,1292,1304,1311,1327,1329,1334,1334,1339,1328,1342,1356,1360,1376,1390,1396,1412,1424,1429,1415,1418,1411,1410,1411,1418,1428,1442,1457,1460,1467,1464,1467,1453,1446,1439,1447,1444,1461,1479,1491,1504,1503,1505,1500,1498,1494,1489,1495,1506,1518,1528,1546,1557,1572,1564,1562,1564,1571,1574,1586,1593,1599,1599,1598,1601,1608,1606,1599,1599
395005,"Providence, RI",38,1227,1252,1269,1270,1279,1295,1298,1294,1275,1276,1268,1263,1272,1292,1320,1329,1350,1354,1347,1347,1341,1316,1347,1339,1367,1377,1383,1392,1398,1395,1416,1410,1395,1394,1401,1411,1421,1436,1464,1460,1473,1478,1474,1482,1479,1471,1463,1471,1470,1493,1519,1519,1535,1549,1550,1533,1527,1514,1517,1518,1521,1537,1563,1584,1602,1598,1593,1593,1580,1580,1588,1577,1599,1585,1621,1641,1645,1662,1663,1660,1661,1698
394862,"Milwaukee, WI",39,959,971,974,984,996,1010,1015,1018,1019,1007,1011,1004,1017,1009,1022,1031,1033,1036,1032,1043,1041,1039,1033,1023,1027,1037,1042,1046,1054,1055,1059,1055,1051,1053,1050,1049,1050,1051,1055,1065,1073,1077,1077,1074,1069,1061,1062,1068,1074,1074,1079,1087,1088,1097,1089,1089,1093,1093,1088,1091,1094,1103,1109,1115,1118,1121,1127,1124,1124,1121,1115,1119,1120,1131,1136,1140,1143,1150,1153,1161,1147,1159
394714,"Jacksonville, FL",40,1094,1091,1114,1109,1109,1110,1112,1112,1109,1113,1112,1113,1115,1115,1112,1124,1137,1141,1147,1149,1145,1150,1149,1150,1153,1159,1166,1170,1178,1184,1185,1189,1185,1185,1188,1187,1191,1196,1203,1209,1216,1225,1233,1238,1241,1243,1244,1242,1249,1256,1259,1269,1280,1289,1297,1299,1299,1298,1299,1302,1302,1305,1316,1323,1331,1338,1344,1349,1348,1339,1337,1341,1351,1354,1362,1362,1363,1371,1379,1392,1402,1410
394849,"Memphis, TN",41,1069,1074,1075,1089,1086,1096,1099,1101,1099,1094,1093,1097,1101,1100,1098,1105,1106,1109,1111,1114,1116,1111,1115,1109,1112,1121,1122,1124,1128,1135,1137,1136,1140,1140,1137,1137,1137,1136,1139,1147,1150,1153,1155,1155,1156,1152,1155,1154,1163,1161,1169,1180,1185,1192,1200,1203,1197,1198,1193,1193,1198,1206,1217,1224,1232,1235,1241,1242,1243,1239,1240,1238,1248,1264,1279,1285,1290,1307,1324,1345,1348,1357
394935,"Oklahoma City, OK",42,961,967,969,982,995,1001,1001,999,993,995,994,993,993,995,999,1006,1020,1026,1020,1019,1012,1002,1000,993,993,1004,1010,1014,1018,1022,1018,1014,1004,994,986,992,989,997,1005,1009,1015,1018,1022,1023,1019,1011,1007,1000,1008,1014,1021,1029,1033,1039,1033,1038,1037,1039,1038,1039,1037,1044,1048,1057,1096,1087,1077,1071,1068,1071,1068,1065,1068,1071,1074,1083,1089,1091,1088,1095,1102,1106
394807,"Louisville-Jefferson County, KY",43,788,815,812,817,831,841,846,844,844,847,841,839,846,860,856,876,871,868,872,866,869,865,868,867,869,872,881,886,902,906,910,912,906,904,905,910,908,921,923,930,931,943,945,942,939,931,930,938,938,945,949,953,965,966,964,970,967,970,967,969,971,974,982,989,993,991,993,987,991,989,982,990,992,1002,1009,1005,1013,1026,1026,1037,1037,1040
394669,"Hartford, CT",44,1171,1171,1180,1206,1208,1216,1222,1228,1223,1229,1238,1224,1232,1236,1251,1244,1242,1266,1263,1253,1250,1259,1250,1263,1261,1256,1255,1277,1284,1284,1284,1288,1283,1275,1276,1279,1278,1287,1291,1297,1304,1309,1312,1310,1304,1301,1298,1305,1298,1308,1321,1315,1326,1338,1337,1347,1341,1342,1344,1349,1349,1355,1357,1353,1355,1368,1374,1373,1365,1364,1367,1372,1374,1381,1382,1398,1396,1400,1415,1415,1431,1438
395022,"Richmond, VA",45,,1094,1085,1098,1113,1114,1116,1120,1117,1109,1107,1112,1115,1119,1127,1136,1136,1130,1134,1142,1138,1138,1140,1138,1138,1148,1161,1162,1167,1171,1188,1182,1179,1170,1172,1167,1169,1172,1177,1190,1203,1210,1215,1213,1210,1208,1210,1209,1212,1220,1230,1242,1251,1258,1259,1254,1256,1257,1258,1258,1256,1259,1271,1286,1295,1298,1302,1300,1301,1300,1298,1299,1305,1309,1319,1325,1332,1336,1342,1342,1346,1344
394910,"New Orleans, LA",46,1203,1182,1208,1232,1251,1254,1275,1293,1284,1280,1290,1294,1306,1299,1307,1302,1322,1327,1333,1328,1327,1326,1339,1331,1330,1341,1340,1341,1344,1346,1343,1338,1338,1338,1331,1337,1329,1346,1341,1349,1352,1353,1355,1356,1352,1350,1348,1352,1349,1349,1367,1365,1371,1370,1372,1369,1371,1365,1362,1356,1372,1389,1392,1387,1391,1396,1399,1407,1398,1398,1403,1407,1423,1432,1435,1419,1417,1425,1425,1415,1414,1420
394425,"Buffalo, NY",47,917,894,913,917,927,919,917,902,925,924,920,939,930,930,954,968,959,949,962,979,973,980,980,978,980,974,982,988,1006,1005,1013,1008,1011,1007,1009,1015,1016,1041,1031,1034,1029,1041,1046,1043,1038,1040,1032,1045,1053,1048,1059,1067,1074,1080,1083,1081,1082,1078,1075,1083,1085,1093,1097,1110,1111,1114,1116,1117,1099,1106,1115,1117,1124,1131,1150,1150,1157,1168,1160,1170,1166,1161
395012,"Raleigh, NC",48,1218,1236,1231,1236,1244,1254,1261,1256,1259,1254,1252,1249,1255,1265,1273,1276,1287,1303,1303,1304,1306,1306,1300,1291,1297,1303,1316,1328,1341,1344,1350,1354,1356,1353,1347,1341,1344,1351,1360,1363,1377,1389,1392,1389,1382,1381,1380,1377,1375,1382,1391,1405,1415,1421,1429,1437,1428,1424,1430,1426,1426,1438,1448,1460,1474,1492,1494,1495,1498,1496,1482,1494,1502,1501,1499,1492,1493,1504,1511,1520,1529,1528
394388,"Birmingham, AL",49,925,931,933,935,935,943,949,954,963,952,950,953,955,956,960,964,966,961,967,972,975,973,978,977,979,981,977,989,986,985,988,987,993,999,990,988,991,991,996,985,995,1000,1004,1004,1036,1021,1017,1015,1012,1013,1011,1023,1030,1038,1018,1033,1038,1042,1042,1049,1060,1069,1074,1066,1070,1075,1075,1074,1079,1077,1076,1085,1085,1092,1092,1101,1107,1108,1112,1112,1126,1123
395053,"Salt Lake City, UT",50,1042,1019,1040,1053,1067,1078,1081,1089,1087,1088,1094,1070,1080,1082,1088,1104,1109,1116,1120,1116,1128,1123,1131,1141,1141,1145,1157,1160,1168,1171,1178,1188,1188,1194,1187,1187,1184,1203,1207,1215,1226,1237,1234,1244,1253,1254,1243,1234,1238,1263,1279,1279,1303,1297,1312,1296,1303,1305,1305,1308,1318,1323,1339,1347,1356,1356,1362,1361,1359,1357,1356,1357,1366,1370,1383,1382,1370,1374,1373,1386,1394,1400
395031,"Rochester, NY",51,918,923,922,925,943,954,967,952,954,955,934,951,954,963,954,957,970,979,992,977,976,977,990,999,989,998,1003,996,1004,1009,1011,1009,1010,1014,1004,1007,1016,1019,1020,1031,1038,1037,1042,1045,1037,1033,1037,1038,1052,1061,1060,1065,1069,1076,1073,1091,1076,1072,1073,1068,1073,1077,1088,1099,1099,1106,1114,1100,1100,1088,1079,1086,1099,1108,1122,1119,1127,1135,1149,1150,1154,1164
394640,"Grand Rapids, MI",52,848,859,863,887,911,913,918,919,921,918,908,908,911,925,930,949,963,975,985,983,985,986,987,986,990,985,1008,1038,1061,1068,1076,1068,1074,1065,1069,1072,1065,1081,1090,1104,1130,1139,1144,1138,1132,1126,1113,1122,1123,1127,1143,1162,1174,1178,1185,1192,1180,1172,1171,1173,1180,1188,1194,1218,1232,1245,1247,1239,1231,1232,1228,1228,1230,1244,1256,1262,1270,1283,1295,1298,1276,1287
395167,"Tucson, AZ",53,922,929,928,931,935,937,940,936,934,936,935,933,934,938,942,950,950,951,954,953,955,956,952,955,964,964,970,977,978,979,981,986,985,988,989,993,994,1002,1011,1022,1026,1027,1030,1033,1033,1032,1034,1038,1044,1046,1057,1072,1078,1085,1091,1092,1093,1098,1106,1109,1112,1123,1126,1135,1148,1154,1156,1157,1162,1155,1169,1176,1180,1186,1187,1189,1200,1200,1210,1221,1239,1265
753924,"Urban Honolulu, HI",54,1666,1633,1668,1701,1754,1773,1804,1814,1839,1838,1852,1891,1888,1874,1880,1898,1906,1927,1931,1938,1935,1914,1929,1942,1927,1932,1936,1954,1961,1978,1988,1977,1974,1965,1971,1967,1951,1956,1972,1989,1992,1990,1988,1996,1994,1987,1989,1992,1987,2004,1997,2001,2005,2016,2023,2039,2030,2022,2026,2022,2028,2044,2043,2052,2051,2056,2062,2066,2064,2058,2065,2069,2067,2080,2072,2056,2064,2062,2063,2064,2070,2054
395169,"Tulsa, OK",55,1016,1004,1017,1019,1025,1033,1053,1058,1054,1045,1046,1046,1047,1053,1061,1066,1058,1064,1070,1090,1081,1071,1073,1063,1069,1064,1072,1075,1082,1089,1090,1089,1081,1086,1083,1084,1081,1075,1076,1079,1082,1091,1090,1086,1085,1091,1083,1086,1087,1098,1097,1092,1099,1104,1099,1107,1107,1108,1103,1107,1101,1110,1115,1122,1130,1137,1136,1134,1143,1141,1145,1150,1153,1158,1160,1156,1171,1172,1179,1191,1193,1191
394619,"Fresno, CA",56,1116,1143,1140,1160,1179,1168,1159,1163,1166,1172,1174,1176,1179,1180,1187,1192,1201,1204,1192,1200,1203,1208,1212,1216,1219,1235,1237,1239,1246,1254,1261,1263,1258,1262,1270,1273,1277,1275,1279,1298,1312,1316,1327,1333,1334,1336,1329,1332,1342,1342,1348,1360,1371,1377,1389,1394,1407,1406,1409,1428,1432,1437,1436,1455,1453,1469,1480,1480,1484,1494,1487,1511,1530,1530,1537,1503,1514,1539,1557,1565,1577,1590
395238,"Worcester, MA",57,1052,1050,1059,1068,1074,1075,1074,1079,1090,1094,1091,1097,1098,1095,1108,1114,1115,1123,1125,1131,1134,1137,1141,1146,1141,1130,1143,1157,1180,1193,1191,1193,1195,1208,1204,1206,1195,1219,1230,1232,1243,1254,1248,1252,1259,1246,1252,1260,1254,1266,1286,1294,1301,1302,1326,1329,1339,1340,1334,1333,1337,1348,1364,1367,1388,1373,1392,1395,1396,1410,1418,1415,1426,1438,1429,1439,1443,1446,1469,1454,1458,1476
394415,"Stamford, CT",58,1729,1750,1740,1789,1837,1869,1848,1851,1853,1828,1824,1858,1847,1842,1858,1874,1898,1902,1927,1921,1910,1895,1879,1868,1869,1907,1902,1919,1943,1942,1949,1931,1935,1932,1918,1906,1907,1936,1948,1956,1966,1960,1959,1973,1966,1956,1947,1930,1932,1949,1964,1979,1997,2018,2016,2017,2014,2009,2005,2003,2002,2009,2015,2023,2040,2055,2060,2071,2072,2062,2032,2032,2039,2055,2069,2109,2112,2101,2130,2114,2137,2194
394312,"Albuquerque, NM",59,979,980,981,988,996,998,1006,1005,1000,997,998,996,999,1006,1005,1017,1022,1029,1026,1031,1030,1025,1022,1020,1024,1024,1033,1042,1044,1052,1058,1062,1057,1053,1050,1045,1045,1054,1058,1062,1066,1076,1081,1083,1070,1071,1068,1071,1073,1075,1084,1090,1097,1107,1108,1111,1113,1108,1106,1104,1108,1116,1121,1129,1140,1149,1158,1164,1163,1166,1158,1167,1171,1184,1184,1175,1176,1189,1207,1208,1226,1239
394308,"Albany, NY",60,1133,1121,1128,1146,1176,1188,1233,1174,1211,1195,1153,1162,1181,1184,1193,1212,1175,1201,1202,1215,1195,1182,1175,1174,1201,1219,1230,1241,1239,1237,1216,1224,1229,1232,1236,1248,1262,1256,1253,1261,1282,1276,1267,1272,1266,1263,1238,1225,1240,1270,1288,1295,1307,1317,1320,1310,1324,1300,1319,1306,1287,1294,1292,1323,1331,1339,1334,1334,1316,1324,1319,1329,1348,1334,1348,1354,1366,1358,1362,1372,1374,1373
394938,"Omaha, NE",61,986,950,967,974,985,989,995,998,987,990,989,990,1000,1008,1026,1042,1033,1032,1033,1033,1034,1025,1033,1030,1034,1042,1051,1056,1061,1068,1073,1075,1075,1070,1071,1067,1065,1073,1080,1092,1098,1110,1109,1107,1104,1088,1092,1095,1097,1102,1102,1116,1121,1128,1133,1131,1131,1140,1134,1131,1132,1145,1142,1149,1164,1173,1180,1177,1170,1167,1172,1178,1182,1186,1195,1210,1214,1229,1233,1242,1236,1230
394908,"New Haven, CT",62,1200,1185,1192,1232,1241,1246,1257,1249,1246,1239,1243,1246,1234,1241,1253,1277,1277,1272,1278,1270,1272,1271,1276,1256,1253,1279,1282,1300,1308,1312,1313,1307,1300,1300,1295,1301,1306,1311,1316,1323,1327,1323,1328,1334,1326,1320,1324,1322,1330,1341,1344,1361,1351,1365,1369,1369,1369,1377,1373,1377,1369,1380,1383,1401,1402,1400,1401,1396,1386,1390,1405,1411,1410,1427,1433,1434,1457,1452,1459,1461,1468,1481
394357,"Bakersfield, CA",63,1062,1054,1058,1065,1072,1085,1080,1086,1077,1080,1082,1092,1084,1093,1102,1103,1105,1109,1106,1101,1107,1103,1096,1099,1100,1113,1107,1111,1116,1127,1132,1140,1139,1131,1131,1134,1135,1139,1146,1156,1155,1161,1162,1169,1160,1163,1164,1168,1180,1182,1187,1192,1199,1207,1211,1216,1216,1219,1221,1225,1231,1237,1259,1265,1266,1272,1270,1278,1281,1285,1285,1285,1300,1316,1308,1314,1322,1332,1354,1382,1379,1388
394753,"Knoxville, TN",64,1027,1027,1032,1043,1055,1060,1056,1054,1055,1052,1057,1066,1062,1076,1086,1095,1100,1080,1084,1083,1070,1070,1085,1085,1065,1075,1092,1101,1122,1130,1131,1120,1127,1115,1118,1120,1117,1148,1150,1154,1158,1160,1174,1152,1158,1161,1167,1171,1171,1162,1189,1190,1215,1215,1210,1216,1227,1227,1222,1226,1236,1258,1260,1261,1264,1269,1271,1270,1259,1278,1283,1288,1305,1309,1309,1301,1302,1311,1319,1328,1345,1360
394653,"Greenville, SC",65,1063,1067,1076,1113,1105,1089,1101,1104,1096,1098,1095,1095,1100,1105,1108,1124,1142,1149,1154,1145,1150,1149,1154,1157,1168,1171,1192,1204,1212,1212,1206,1200,1209,1197,1178,1188,1196,1193,1208,1219,1228,1235,1240,1242,1230,1222,1225,1233,1237,1238,1254,1257,1269,1279,1274,1281,1288,1288,1289,1276,1279,1287,1295,1301,1321,1329,1333,1324,1330,1325,1326,1344,1337,1346,1350,1349,1341,1348,1344,1358,1361,1351
394952,"Ventura, CA",66,2126,2099,2100,2128,2133,2159,2175,2185,2189,2189,2209,2213,2206,2236,2231,2252,2268,2267,2287,2292,2307,2299,2311,2304,2300,2312,2334,2360,2374,2393,2412,2416,2412,2427,2425,2411,2425,2454,2484,2486,2493,2502,2498,2501,2508,2503,2509,2511,2542,2579,2560,2568,2593,2612,2611,2628,2636,2626,2630,2638,2651,2657,2668,2656,2691,2697,2692,2682,2678,2680,2683,2702,2726,2737,2748,2703,2711,2726,2752,2763,2762,2778
394318,"Allentown, PA",67,1110,1118,1121,1147,1148,1153,1155,1150,1160,1157,1155,1141,1137,1153,1161,1168,1176,1182,1187,1181,1175,1182,1182,1182,1202,1187,1218,1207,1212,1216,1222,1217,1215,1219,1213,1208,1214,1228,1238,1237,1246,1245,1244,1251,1262,1256,1261,1252,1253,1261,1267,1275,1289,1292,1301,1295,1297,1288,1297,1316,1303,1306,1315,1324,1331,1346,1347,1347,1353,1348,1346,1347,1351,1366,1362,1360,1372,1365,1378,1399,1409,1431
394561,"El Paso, TX",68,1046,1047,1055,1062,1062,1062,1051,1062,1051,1053,1050,1051,1052,1057,1058,1062,1065,1066,1063,1068,1065,1054,1050,1056,1058,1065,1065,1067,1066,1070,1071,1075,1067,1060,1070,1083,1073,1070,1068,1070,1069,1072,1071,1072,1072,1066,1069,1070,1066,1069,1072,1075,1082,1087,1088,1092,1086,1088,1088,1093,1094,1085,1093,1100,1103,1110,1111,1119,1123,1126,1130,1130,1138,1138,1140,1153,1157,1160,1157,1174,1176,1185
394367,"Baton Rouge, LA",69,1072,1056,1068,1054,1082,1091,1090,1104,1110,1112,1103,1093,1105,1112,1120,1152,1142,1128,1117,1126,1121,1106,1124,1153,1150,1146,1156,1159,1150,1165,1160,1152,1176,1186,1200,1196,1194,1193,1195,1196,1195,1187,1167,1168,1168,1171,1166,1168,1168,1164,1170,1179,1188,1189,1183,1180,1184,1183,1167,1168,1175,1175,1178,1191,1190,1190,1192,1184,1180,1178,1173,1160,1168,1168,1178,1183,1198,1207,1209,1212,1217,1216
394521,"Dayton, OH",70,,774,828,799,798,798,801,805,801,799,801,801,797,798,801,810,811,820,824,828,827,832,834,831,839,835,843,847,844,842,844,851,848,846,860,857,869,859,862,866,872,877,882,882,880,885,892,892,895,895,900,893,904,908,921,921,918,919,921,911,917,929,935,940,946,943,951,961,957,961,972,967,973,978,983,977,983,995,1001,1012,1010,1012
394486,"Columbia, SC",72,,970,952,959,962,967,995,1024,1016,989,984,986,975,963,971,980,986,995,997,997,995,995,985,994,996,993,1005,1007,1016,1012,1017,1020,1022,1025,1030,1021,1019,1021,1033,1040,1044,1040,1052,1044,1040,1041,1044,1051,1052,1062,1069,1073,1076,1078,1087,1088,1084,1090,1088,1089,1093,1100,1103,1118,1127,1130,1135,1137,1135,1124,1124,1126,1137,1151,1161,1162,1158,1173,1183,1182,1187,1195
394648,"Greensboro, NC",73,986,1003,999,1006,1012,1015,1021,1037,1032,1024,1024,1028,1024,1023,1030,1041,1051,1053,1061,1056,1060,1037,1033,1034,1039,1041,1055,1046,1060,1072,1079,1076,1079,1067,1075,1078,1109,1099,1092,1090,1098,1106,1112,1109,1112,1106,1104,1099,1108,1121,1121,1125,1133,1131,1135,1129,1142,1145,1138,1146,1151,1159,1169,1175,1190,1189,1192,1198,1198,1195,1203,1194,1205,1217,1227,1232,1235,1228,1243,1246,1264,1264
394304,"Akron, OH",74,744,757,753,749,756,764,761,766,774,768,773,777,776,777,782,785,786,797,790,795,777,785,799,798,800,799,800,803,808,808,813,811,813,820,816,811,812,817,817,835,837,838,834,828,827,824,828,834,834,835,842,848,846,846,850,836,834,842,843,839,842,852,853,860,860,866,864,870,877,875,875,880,884,886,897,894,899,900,907,918,911,910
753906,"North Port-Sarasota-Bradenton, FL",75,1556,1572,1562,1589,1573,1565,1572,1583,1579,1596,1621,1637,1650,1656,1672,1677,1671,1659,1673,1677,1698,1699,1717,1713,1736,1745,1762,1745,1737,1739,1739,1728,1746,1765,1800,1793,1806,1802,1809,1802,1780,1771,1771,1778,1761,1779,1813,1830,1832,1853,1850,1846,1854,1848,1855,1865,1880,1865,1883,1891,1922,1915,1903,1898,1907,1903,1905,1917,1928,1923,1946,1968,1985,1978,1963,1961,1978,1958,1976,1973,1990,2018
394798,"Little Rock, AR",76,817,804,807,828,823,816,816,825,820,815,808,804,809,813,814,820,824,837,830,827,822,829,822,823,823,827,828,831,827,834,840,841,842,836,838,834,837,841,845,845,846,847,849,852,845,847,851,848,848,851,853,855,855,855,858,859,862,870,868,865,862,866,871,874,879,879,884,885,883,874,878,879,890,896,891,896,896,910,916,918,927,930
395134,"Stockton, CA",77,1341,1378,1369,1391,1405,1414,1400,1423,1432,1439,1465,1450,1438,1446,1463,1477,1491,1501,1505,1533,1539,1533,1536,1551,1562,1571,1594,1600,1612,1625,1644,1650,1671,1674,1684,1678,1690,1694,1719,1723,1743,1766,1776,1789,1790,1801,1792,1805,1803,1813,1824,1820,1833,1856,1877,1889,1879,1887,1882,1884,1894,1900,1914,1930,1944,1969,1984,1976,1978,1987,1987,2008,2038,2053,2039,2046,2037,2042,2081,2111,2088,2137
394457,"Charleston, SC",78,1191,1175,1187,1199,1213,1228,1244,1247,1253,1255,1266,1256,1268,1280,1292,1306,1308,1320,1322,1326,1312,1330,1327,1318,1312,1335,1357,1366,1373,1389,1392,1389,1387,1384,1377,1374,1382,1396,1405,1418,1432,1431,1440,1437,1440,1434,1434,1424,1430,1444,1450,1461,1468,1477,1485,1488,1483,1476,1468,1449,1454,1474,1484,1494,1511,1523,1525,1517,1515,1510,1514,1529,1526,1544,1533,1526,1522,1530,1552,1552,1558,1558
395143,"Syracuse, NY",79,816,877,841,871,870,886,916,926,897,897,940,891,893,877,881,906,922,920,889,904,910,937,941,911,925,925,958,954,957,970,930,938,937,937,962,958,954,969,1000,994,983,982,979,976,971,962,996,1006,961,989,989,1022,1016,1014,1022,1016,995,989,986,994,990,997,998,1009,1018,1042,1055,1062,1043,1064,1045,1034,1057,1045,1066,1066,1101,1103,1122,1124,1113,1123
394484,"Colorado Springs, CO",80,1068,1071,1072,1078,1094,1104,1112,1114,1116,1122,1118,1127,1127,1133,1131,1142,1154,1160,1170,1175,1173,1176,1181,1186,1195,1192,1203,1220,1232,1242,1245,1258,1265,1265,1266,1266,1275,1279,1288,1299,1314,1327,1333,1337,1340,1337,1340,1346,1355,1363,1371,1382,1388,1390,1396,1401,1402,1398,1400,1402,1413,1427,1446,1450,1457,1463,1470,1474,1476,1485,1482,1500,1509,1515,1506,1521,1529,1531,1539,1553,1566,1582
395235,"Winston-Salem, NC",81,955,1001,980,983,992,994,1003,999,997,997,984,992,998,1003,1007,1008,1016,1030,1026,1032,1028,1029,1027,1015,1022,1027,1044,1053,1053,1047,1057,1057,1052,1051,1048,1048,1051,1058,1064,1070,1084,1087,1091,1093,1093,1091,1089,1085,1072,1084,1101,1113,1121,1123,1127,1130,1132,1130,1131,1133,1139,1140,1149,1165,1182,1182,1193,1189,1190,1189,1187,1178,1193,1201,1210,1203,1208,1221,1227,1246,1254,1255
395224,"Wichita, KS",82,,761,762,753,766,773,779,780,791,795,787,781,786,781,772,780,780,783,793,786,786,783,777,787,786,788,791,799,795,804,801,795,789,790,791,789,789,790,790,796,795,800,801,802,794,794,789,796,800,799,802,803,807,810,810,816,811,817,803,805,803,809,814,813,820,817,826,827,827,834,832,827,829,833,837,838,838,845,863,858,861,858
395115,"Springfield, MA",83,1017,1095,1067,1084,1095,1097,1099,1117,1091,1083,1081,1099,1093,1093,1094,1108,1114,1119,1130,1121,1118,1123,1114,1117,1112,1118,1135,1149,1163,1162,1169,1156,1156,1164,1160,1148,1146,1139,1153,1167,1182,1176,1178,1186,1192,1194,1187,1184,1193,1194,1202,1204,1205,1206,1219,1223,1230,1235,1238,1180,1180,1207,1225,1227,1249,1263,1266,1264,1257,1269,1263,1255,1271,1274,1275,1273,1282,1278,1310,1295,1288,1300
394440,"Fort Myers, FL",84,1291,1261,1282,1289,1297,1305,1313,1331,1348,1361,1368,1389,1383,1401,1434,1443,1457,1466,1474,1501,1515,1519,1534,1541,1552,1564,1578,1578,1579,1597,1597,1600,1592,1603,1610,1623,1632,1629,1635,1642,1632,1627,1640,1634,1642,1656,1673,1683,1693,1699,1691,1694,1694,1690,1696,1704,1709,1716,1723,1726,1741,1739,1743,1754,1754,1761,1755,1760,1758,1756,1772,1777,1802,1803,1792,1776,1794,1788,1808,1817,1836,1853
394399,"Boise City, ID",85,831,869,859,871,877,889,897,898,905,897,900,882,895,905,917,926,934,939,944,946,952,954,952,948,951,954,972,985,997,1006,1013,1020,1021,1022,1015,1016,1018,1023,1033,1051,1060,1071,1080,1085,1087,1084,1083,1084,1093,1095,1109,1117,1135,1156,1171,1179,1183,1184,1173,1176,1175,1186,1205,1218,1232,1249,1256,1252,1251,1248,1244,1244,1252,1267,1272,1272,1275,1288,1301,1324,1331,1347
395160,"Toledo, OH",86,726,752,752,746,746,756,759,741,754,747,749,751,763,765,760,803,786,765,764,747,759,765,777,771,769,790,792,791,792,796,793,797,797,800,795,799,808,806,792,809,811,803,808,808,806,808,818,819,818,803,812,844,839,833,824,824,825,819,826,826,831,830,838,842,855,859,851,855,854,846,838,824,826,842,850,859,869,876,888,890,892,876
394816,"Madison, WI",87,1181,1145,1145,1135,1144,1145,1148,1145,1150,1157,1150,1140,1150,1157,1171,1178,1183,1193,1187,1192,1180,1187,1201,1212,1204,1210,1209,1229,1227,1230,1225,1232,1221,1225,1230,1234,1237,1236,1247,1250,1250,1252,1253,1257,1252,1261,1261,1257,1257,1261,1258,1266,1269,1277,1277,1270,1275,1288,1292,1291,1290,1293,1305,1311,1312,1310,1310,1299,1305,1311,1317,1310,1334,1339,1342,1342,1332,1335,1335,1340,1343,1336
394766,"Lakeland, FL",88,1040,1073,1063,1060,1062,1068,1072,1074,1077,1074,1080,1084,1085,1088,1101,1102,1109,1123,1130,1130,1119,1132,1136,1134,1138,1145,1148,1162,1175,1178,1185,1188,1187,1187,1190,1196,1202,1202,1205,1210,1220,1232,1234,1241,1223,1235,1251,1252,1250,1258,1274,1286,1302,1314,1321,1324,1321,1325,1323,1325,1337,1348,1364,1362,1360,1366,1367,1380,1386,1379,1386,1392,1394,1398,1408,1408,1460,1445,1440,1449,1457,1466
394931,"Ogden, UT",89,924,881,908,890,931,952,955,975,997,1001,998,989,980,996,994,994,1000,1015,1027,1039,1037,1048,1045,1046,1037,1032,1028,972,1028,1073,1062,1073,1078,1118,1125,1105,1101,1103,1100,1089,1084,1115,1114,1100,1118,1116,1102,1124,1147,1153,1138,1158,1182,1225,1217,1262,1210,1237,1240,1254,1246,1226,1254,1245,1258,1270,1254,1251,1249,1275,1299,1306,1285,1307,1297,1275,1316,1330,1327,1317,1306,1333
394528,"Daytona Beach, FL",90,1016,1014,1022,1038,1036,1041,1047,1047,1048,1055,1062,1065,1075,1081,1083,1094,1100,1103,1111,1114,1125,1139,1142,1138,1144,1146,1147,1163,1179,1171,1178,1194,1201,1206,1210,1206,1212,1218,1209,1214,1237,1242,1253,1265,1272,1276,1279,1263,1267,1290,1300,1308,1314,1315,1325,1334,1337,1336,1331,1336,1342,1357,1371,1373,1385,1370,1375,1377,1389,1393,1392,1402,1402,1415,1409,1410,1469,1449,1442,1439,1451,1461
394531,"Des Moines, IA",91,1009,1001,1009,1021,1035,1044,1044,1054,1067,1076,1051,1065,1057,1061,1075,1079,1075,1082,1077,1072,1046,1063,1058,1057,1058,1067,1062,1070,1086,1089,1090,1090,1085,1089,1091,1068,1080,1083,1096,1099,1113,1111,1112,1110,1107,1102,1092,1087,1067,1081,1091,1109,1118,1132,1129,1128,1118,1112,1102,1104,1109,1110,1104,1113,1126,1134,1146,1143,1141,1143,1138,1131,1136,1133,1141,1142,1145,1155,1163,1167,1165,1171
394711,"Jackson, MS",92,1138,1091,1119,1146,1170,1171,1186,1227,1209,1189,1187,1165,1172,1170,1176,1184,1192,1195,1194,1209,1211,1196,1201,1198,1202,1234,1227,1206,1218,1212,1215,1226,1247,1228,1217,1219,1219,1213,1209,1220,1225,1225,1222,1234,1227,1218,1215,1227,1230,1232,1241,1237,1229,1216,1227,1218,1227,1231,1232,1224,1236,1244,1241,1240,1243,1250,1263,1262,1238,1233,1251,1248,1268,1272,1279,1284,1279,1280,1276,1288,1285,1299
395245,"Youngstown, OH",93,,619,639,639,638,622,616,630,638,656,659,647,647,646,660,652,652,631,633,647,643,655,658,653,647,651,651,638,652,657,661,666,667,669,665,662,674,672,675,676,677,678,681,688,683,679,677,671,673,679,688,683,685,692,700,703,703,703,722,710,707,708,713,717,724,715,716,717,710,711,717,717,718,724,735,734,736,736,746,749,758,756
394352,"Augusta, GA",94,,955,973,967,968,971,970,966,967,971,968,968,967,969,973,974,994,995,989,990,990,993,994,988,980,994,999,1007,1011,1014,1016,1012,1013,1015,1008,1011,1015,1011,1018,1023,1042,1041,1037,1036,1037,1045,1042,1041,1045,1044,1053,1059,1064,1070,1064,1063,1063,1067,1063,1068,1070,1072,1081,1094,1100,1099,1107,1113,1116,1115,1120,1114,1117,1116,1121,1117,1135,1150,1161,1173,1183,1181
395075,"Scranton, PA",95,730,744,744,757,770,770,767,775,770,774,776,771,764,766,769,768,779,778,785,788,786,782,788,786,772,780,790,804,800,792,802,811,818,815,805,809,805,838,831,826,818,821,818,821,828,845,850,847,844,830,836,841,836,846,844,848,855,864,863,857,880,864,871,869,871,884,888,888,890,902,893,912,911,907,910,891,909,913,930,921,936,945
394666,"Harrisburg, PA",96,1043,1024,1033,1025,1027,1026,1026,1001,991,1015,991,971,1000,1017,1042,1053,1047,1044,1046,1042,1042,1045,1047,1042,1046,1058,1058,1070,1080,1080,1091,1076,1071,1065,1076,1058,1066,1074,1066,1084,1087,1086,1087,1091,1081,1090,1082,1080,1079,1088,1099,1100,1110,1115,1112,1118,1128,1131,1135,1138,1145,1142,1149,1153,1149,1157,1162,1165,1166,1173,1165,1159,1174,1179,1180,1175,1179,1179,1188,1199,1206,1199
394957,"Melbourne, FL",97,998,1024,1008,1011,1019,1024,1034,1026,1035,1041,1050,1063,1068,1080,1086,1087,1096,1109,1107,1127,1126,1136,1126,1140,1152,1159,1165,1174,1180,1201,1203,1209,1216,1222,1233,1245,1250,1255,1263,1262,1266,1279,1291,1298,1259,1265,1295,1318,1324,1335,1358,1360,1375,1386,1385,1395,1397,1402,1417,1413,1419,1423,1427,1431,1436,1437,1434,1445,1445,1450,1454,1460,1469,1513,1523,1499,1500,1497,1509,1514,1528,1540
394460,"Chattanooga, TN",98,810,894,894,943,942,973,982,985,981,989,994,972,971,996,1015,1037,1031,1034,1037,1036,1011,1009,1017,1020,1020,1041,1053,1091,1095,1093,1082,1070,1078,1115,1068,1080,1079,1062,1062,1059,1072,1083,1094,1096,1101,1096,1092,1089,1099,1105,1121,1131,1135,1140,1151,1155,1143,1151,1162,1164,1161,1161,1163,1173,1180,1195,1185,1196,1184,1187,1196,1195,1197,1199,1210,1214,1218,1232,1248,1244,1266,1275
395113,"Spokane, WA",99,885,916,905,887,905,917,934,911,892,911,892,889,908,912,919,954,951,961,956,959,958,957,976,971,953,975,985,988,996,1006,1005,1010,1012,1014,1013,1019,1033,1011,1030,1036,1053,1075,1080,1083,1086,1091,1089,1087,1090,1097,1109,1102,1121,1139,1145,1158,1155,1158,1160,1152,1157,1163,1179,1188,1195,1209,1219,1229,1224,1226,1205,1190,1214,1232,1259,1253,1252,1256,1278,1287,1311,1322
395006,"Provo, UT",100,959,1001,988,996,998,1031,1040,1029,1035,1035,1032,1046,1056,1050,1066,1077,1072,1089,1077,1066,1079,1096,1112,1104,1110,1102,1101,1112,1129,1150,1152,1158,1160,1156,1159,1143,1157,1171,1179,1174,1198,1200,1207,1211,1215,1203,1201,1202,1207,1214,1221,1245,1259,1258,1261,1265,1256,1253,1261,1260,1276,1274,1272,1276,1293,1306,1311,1318,1306,1297,1294,1290,1297,1303,1311,1327,1322,1335,1344,1350,1331,1331
394549,"Durham, NC",104,1125,1144,1138,1154,1172,1172,1179,1170,1162,1153,1148,1140,1152,1152,1180,1179,1192,1198,1216,1204,1196,1204,1201,1200,1211,1220,1232,1246,1248,1258,1258,1251,1260,1285,1271,1279,1269,1263,1272,1282,1291,1291,1293,1300,1286,1289,1300,1287,1289,1295,1309,1320,1331,1338,1331,1333,1328,1332,1344,1343,1351,1353,1370,1380,1390,1394,1398,1398,1402,1398,1400,1404,1416,1398,1407,1403,1406,1409,1413,1402,1405,1420
394995,"Port St. Lucie, FL",119,1194,1213,1200,1201,1233,1213,1222,1235,1255,1255,1261,1270,1292,1297,1298,1307,1298,1301,1291,1301,1310,1325,1330,1355,1368,1379,1388,1409,1415,1411,1411,1412,1414,1404,1417,1423,1442,1456,1453,1467,1478,1482,1495,1506,1446,1466,1490,1504,1518,1532,1557,1549,1572,1568,1585,1584,1575,1595,1595,1615,1611,1631,1637,1613,1612,1622,1622,1657,1621,1625,1664,1674,1701,1737,1741,1707,1730,1720,1707,1726,1745,1789
394602,"Fort Collins, CO",159,1199,1190,1218,1278,1292,1292,1300,1294,1321,1342,1316,1339,1343,1363,1379,1380,1430,1408,1411,1420,1416,1411,1403,1423,1421,1426,1441,1452,1475,1488,1485,1469,1448,1439,1437,1445,1443,1462,1472,1491,1496,1488,1491,1487,1482,1478,1484,1491,1472,1480,1517,1532,1543,1548,1545,1539,1531,1537,1526,1533,1541,1555,1580,1585,1595,1599,1593,1589,1579,1580,1575,1591,1597,1579,1604,1611,1608,1630,1626,1629,1615,1610
394405,"Boulder, CO",162,1568,1465,1519,1552,1594,1609,1637,1635,1653,1656,1656,1646,1672,1692,1721,1732,1753,1753,1750,1769,1793,1787,1787,1798,1815,1821,1832,1833,1832,1836,1849,1843,1840,1829,1838,1828,1815,1853,1849,1866,1871,1872,1874,1873,1875,1873,1888,1903,1903,1897,1904,1891,1921,1950,1954,1946,1952,1951,1949,1938,1950,1957,1959,1988,2002,2000,2004,1997,1986,2010,2025,2007,2011,2018,2025,2005,2010,2005,2009,2012,2021,2035
394645,"Greeley, CO",177,1222,1190,1226,1226,1236,1242,1278,1292,1299,1301,1295,1323,1317,1321,1342,1356,1357,1369,1367,1370,1387,1381,1384,1393,1384,1392,1395,1410,1421,1439,1439,1425,1435,1423,1422,1420,1426,1434,1438,1465,1480,1481,1484,1494,1505,1502,1489,1496,1496,1502,1536,1543,1562,1556,1560,1563,1577,1560,1547,1553,1569,1606,1619,1616,1614,1620,1617,1620,1631,1612,1591,1612,1614,1647,1655,1637,1641,1639,1640,1647,1672,1669
394623,"Gainesville, GA",229,912,929,931,964,943,944,941,947,930,938,944,943,977,986,993,989,992,999,1007,1015,1038,1025,1029,1035,1030,1025,1046,1049,1062,1081,1090,1103,1108,1113,1115,1109,1113,1118,1107,1120,1139,1145,1170,1179,1169,1171,1161,1150,1166,1163,1175,1181,1197,1184,1193,1211,1209,1231,1253,1248,1269,1284,1269,1278,1275,1272,1291,1290,1318,1321,1324,1325,1347,1344,1327,1325,1317,1328,1328,1337,1372,1392
395098,"Sierra Vista, AZ",309,990,997,985,963,985,998,999,997,991,961,977,984,984,991,993,991,992,993,994,1000,1000,998,999,992,990,987,985,982,979,987,993,987,984,986,981,977,974,982,947,969,980,989,989,1016,1005,1004,1014,1004,1006,1011,1015,1015,1027,1031,1041,1039,1043,1065,1068,1065,1067,1059,1066,1086,1101,1092,1101,1089,1081,1096,1109,1094,1111,1125,1139,1164,1178,1174,1161,1149,1172,
